id,user_id,project_id
1,9,3
2,9,4
3,9,5
4,9,6
5,9,7
6,9,8
7,9,9
8,9,10
9,9,11
10,9,12
11,9,13
12,9,14
8258,30,8315
14,9,16
15,9,17
16,9,18
17,9,19
18,9,20
19,9,21
20,9,22
21,9,23
22,9,24
23,9,25
24,9,26
25,9,27
26,9,28
27,9,29
28,9,30
29,9,31
30,9,32
31,9,33
32,9,34
33,9,35
34,9,36
35,9,37
36,9,38
37,9,39
38,9,40
39,9,43
40,9,44
41,9,45
42,9,46
43,9,47
44,9,48
8259,30,8316
46,9,50
47,9,51
48,9,52
49,9,53
50,9,54
51,9,55
52,9,56
53,9,57
54,9,58
55,9,59
56,9,60
57,9,61
58,9,62
59,9,63
60,9,64
61,9,65
62,9,69
63,9,71
64,9,75
90,9,141
86,9,137
67,9,78
68,9,79
69,9,80
70,9,81
71,9,82
72,9,84
73,9,88
74,9,93
75,9,101
76,9,102
77,9,103
78,9,104
79,9,105
217,30,274
82,9,117
83,9,134
84,9,135
122,9,179
88,9,139
89,9,140
91,9,142
92,9,143
93,9,144
94,9,145
95,9,146
96,9,147
97,9,148
98,9,149
99,9,150
100,9,151
101,9,152
102,9,153
103,9,154
105,23,156
106,23,157
107,9,158
108,9,157
109,9,158
110,9,159
111,9,160
112,9,162
121,23,178
148,9,205
125,8,182
126,8,183
128,8,185
129,8,186
131,9,188
133,9,190
134,9,191
135,9,192
136,9,193
137,9,194
138,9,195
139,9,196
140,9,197
142,9,199
143,9,200
144,9,201
145,9,202
149,9,206
150,29,207
151,9,208
152,9,209
153,30,210
155,30,212
156,9,213
157,9,214
158,30,215
159,30,216
160,30,217
161,30,218
162,30,219
163,30,220
164,30,221
165,30,222
166,30,223
167,30,224
168,9,225
169,9,226
170,30,227
171,30,228
172,30,229
173,30,230
174,30,231
175,30,232
176,30,233
177,30,234
178,30,235
179,30,236
180,30,237
181,30,238
182,30,239
183,30,240
184,30,241
185,30,242
189,30,246
190,30,247
191,30,248
204,30,261
205,30,262
206,30,263
207,30,264
208,30,265
209,30,266
210,30,267
211,30,268
212,30,269
213,30,270
214,30,271
216,30,273
218,30,275
219,30,276
220,30,277
221,30,278
222,30,279
1218,8,1275
2218,9,2275
2219,9,2276
3218,30,3275
4218,9,4275
4219,9,4276
4220,9,4277
4221,9,4278
4222,30,4279
4223,9,4280
4224,9,4281
4225,9,4282
4226,9,4283
4227,30,4284
4228,30,4285
4229,8,4286
4230,30,4287
4231,30,4288
4232,30,4289
4233,30,4290
4234,30,4291
4235,30,4292
4236,30,4293
4237,30,4294
4238,30,4295
4239,30,4296
4240,9,4297
4241,9,4298
4242,30,4299
4243,30,4300
4244,30,4301
4245,30,4302
4246,30,4303
4247,30,4304
4248,30,4305
4249,30,4306
4250,30,4307
5246,30,5303
5247,30,5304
5248,30,5305
5250,30,5307
5251,30,5308
5252,30,5309
5253,30,5310
5254,30,5311
5255,30,5312
5256,30,5313
5257,30,5314
5258,30,5315
6258,30,6315
7258,30,7315
104,9,155
5249,30,5306
146,9,203
196,30,253
197,30,254
215,30,272
186,30,243
187,30,244
188,30,245
195,30,252
201,30,258
203,30,260
